acc,prec,rec,f1,auc
0.96,0.9285714285714286,1.0,0.9629629629629629,1.0
