feature,gini_importance
氧化铅(PbO),0.24410686187890848
氧化钡(BaO),0.23549950859125296
氧化钾(K2O),0.18391835982043206
氧化钙(CaO),0.06746415086310124
氧化铁(Fe2O3),0.04931657002877217
氧化锶(SrO),0.038854274966653994
氧化镁(MgO),0.037772540666881176
氧化铝(Al2O3),0.03321086133137596
五氧化二磷(P2O5),0.023095085136172387
氧化锡(SnO2),0.02251922335871179
氧化铜(CuO),0.020537613663693433
氧化钠(Na2O),0.018691870269708484
二氧化硫(SO2),0.014806496405950813
二氧化硅(SiO2),0.010206583018385108
