subcluster,avg_coassignment
1,0.22
2,0.18333333333333335
3,0.1733333333333333
4,0.42
5,0.43
