subcluster,avg_coassignment
1,0.41
2,0.295
3,0.39333333333333337
4,0.37666666666666665
