subcluster,size,氧化铁(Fe2O3),氧化钠(Na2O),氧化镁(MgO),氧化钾(K2O),氧化铜(CuO)
1,2,77.30304336933088,1.2279574878369438e-05,22.675219832209745,0.021712239309608628,1.2279574878369438e-05
2,4,70.36126732112764,1.3920374495167421e-05,0.0004874364409426448,0.01568925555804972,29.62254206649886
3,3,1.1469491433664304e-05,82.71343347309022,0.1394998341190343,0.05767444189474941,17.08938078140455
4,2,1.0000090049609273e-05,1.0000090049609273e-05,61.90539500599238,9.276537347187858,28.818047646639673
5,2,1.0374117447296521e-05,1.0374117447296521e-05,1.0374117447296521e-05,0.00874062671609017,99.99122825093156
