subcluster,size,氧化钠(Na2O),氧化钡(BaO),氧化铅(PbO),氧化钙(CaO),二氧化硫(SO2)
1,2,0.024489083974739156,72.37416066333537,27.552372084740412,0.024489083974739156,0.024489083974739156
2,4,1.2247377722197817e-05,0.6959700498597678,12.372835359412601,86.93117009597218,1.2247377722197817e-05
3,3,1.0002729872452138e-05,1.0002729872452138e-05,1.0002729872452138e-05,94.47923917294723,5.52073081886315
4,3,24.507151350653793,1.0513608730522534e-05,0.05305756744167396,75.43977005468707,1.0513608730522534e-05
